tittle,Tweet,URL,title
,"Aug 3 , 2023 â€” saw ad Netflix â€œ New Shows Coming Soon â€ like 'm literal year behind stream show backlog .",https://twitter.com/thedad/status/1687097994053881857,
,"Mar 22 , 2023 â€” know shoot foot bit , get much well Netflix recommendation GPT4 Netflix .",https://twitter.com/xamat/status/1638419838673776640,
,"Mar 7 , 2023 â€” come Netflix strike slightly hypocritical , maybe 's ... Quote Tweet . Square profile picture .",https://twitter.com/Fyre_flye/status/1633197346359238659,
,"Jun 25 , 2023 â€” ... & would star . use music video pilot show vision told music video n't pilot . Lol smh .",https://twitter.com/JoynerLucas/status/1672980319954255872,
,"Apr 24 , 2022 â€” release show silently secretly take Netflix get chance watch . Quote .",https://twitter.com/neilhimself/status/1518101545358962688,
,"Aug 19 , 2022 â€” Future Seasons . want see first month commit . something else .",https://twitter.com/neilhimself/status/1560505193539706881,
,"Aug 15 , 2023 â€” Monkey King Netflix Friday , Aug. 18th ! , importantly , 's direct good friend best buddy , .",https://twitter.com/grickle/status/1691464773571928064,
,"Sep 13 , 2023 â€” march Netflix Paramount Pictures Studios . @ SAGAFTRA . today ! take Melrose Avenue great rally . studio ...",https://twitter.com/MegganAnderson/status/1702036637851730198,
,"Jul 19 , 2022 â€” hot take Netflix 's earnings call : reporter pair analyst moderate call . single question ...",https://twitter.com/sherman4949/status/1549523851389829120,
,"Jun 16 , 2023 â€” early note get Netflix make character young ( book 're early 20 ) .",https://twitter.com/hamishsteele/status/1669671472246267904,
,"Jul 25 , 2023 â€” old MI movie shift Netflix Amazon Prime . First free . rent . n't understand decides , ...",https://twitter.com/thekaipullai/status/1683876830443618304,
,"â€œ people â€ need remove Netflix , big waste time 've ever inflict . 5:43 Â· Jan 31 , 2023 . Â· . 2,569 .",https://twitter.com/MPvinny300/status/1620296638169513985?ref_src=twsrc%5Etfw,
,"May 16 , 2023 â€” Photos Netflix 5/11/23 ( a.k.a . day tire lay let everyone walk take photo ) !",https://twitter.com/JW_Hendricks/status/1658601613966344192,
,"Jun 22 , 2023 â€” take away anything Netflix dating/marriage show , 's people coward . ca n't hard conversation . run ...",https://twitter.com/drgurner/status/1671973629381296129,
,"Jan 26 , 2023 â€” Sculpting Wednesday Netflix âœï¸ . Watch till end . # wednesdayaddams # wednesdaynetflix # Blender3d # b3d # sculpture .",https://twitter.com/YanSculpts/status/1618684032631599104,
,"Jul 25 , 2022 â€” 'BREAKING BAD ' remove Netflix February 10 , 2025 . ( Source : http : //thewrap.com/netflix-shows-leaving-ncis-seinfeld-new-girl ...",https://twitter.com/DiscussingFilm/status/1551634589092925440,
,"Aug 16 , 2019 â€” get call Netflix seem someone spill soda thumb drive one copy ENTER FLORPUS stream ...",https://twitter.com/JhonenV/status/1162248581039792128,
,"Feb 8 , 2018 â€” lose switch netflix hulu 've gotten directly compare man oh man hulu fuck shitty netflix . 5:50 ...",https://twitter.com/prozd/status/961477412667166720,
,"Friends really go Netflix ! ! ! & OK ! ! ! . 2:48 Â· Jan 2 , 2020 Â· 166 . Reposts Â· 16 . Quotes Â· 1,129 . Likes . 1 . Bookmark .",https://twitter.com/MarkBallas/status/1212566278193287169,
,"Jun 14 , 2023 â€” Netflix : Trailer 'Quarterback ' , docu-series follow 2022 # NFL season eye . @ KirkCousins8 . , Marcus Mariota ...",https://twitter.com/NFL_DovKleiman/status/1668997638212005888,
,"Sep 13 , 2022 â€” Got plane today movie download Netflix , HBO Max , Disney+ . Netflix work . two apps confuse ...",https://twitter.com/dantley/status/1569561014299168769,
,"Feb 23 , 2019 â€” download movie netflix , watch place internet return home turn netflix tv pick ...",https://twitter.com/Casey/status/1099099272459493377,
,"May 30 , 2020 â€” Sonnie Netflix 's series LOVE DEATH + ROBOTS . episode one absolute favs . picked Sonnie 4th ...",https://twitter.com/SurineCosplay/status/1266816785422090240,
,"Sep 19 , 2020 â€” Hear Netflix Animation recruiter interview advice get career Animation start : ...",https://twitter.com/WeAreNetflix/status/1307043668390445061,
,"May 16 , 2019 â€” Conversation ... get email Netflix say â€œ Stop suggestion Brian , â€ like â€œ fuck yeah ! Good , Netflix ! ...",https://mobile.twitter.com/shwood/status/1129107467441451009,
,"Aug 12 , 2023 â€” Ugh Timeless get remove Netflix . 's CTV app , twice 've try watch something time either n't ...",https://twitter.com/StaticWarpBubbl/status/1690195289661931520,
,"official trailer Fair Play . @ netflix Â· Embedded video . 2:34 . . Netflix Â· 4:34 PM Â· Aug 8 , 2023 . Â· . 129.9K . Views .",https://twitter.com/letterboxd/status/1688951834352795648,
,"Jan 15 , 2023 â€” favorite scene Netflix 's new series `` Break Point `` Rafael Nadal win French Open even take court .",https://twitter.com/JoePompliano/status/1614702306397749252,
,"Feb 27 , 2022 â€” fun package Netflix celebrate Tick , Tickâ€¦Boom ! Yes , 's FYC booklet form playbill , alongside soundtrack ...",https://twitter.com/JoeyMagidson/status/1497730495693697029,
,"Whether honor root history pride movement , celebrate self-love intersectionality - hear Netflix employee Pride ...",https://twitter.com/WeAreNetflix,
,"Jul 2 , 2021 â€” Got word Netflix YASUKE 'S stream number surpass expectation . Much love THANK sooo much everyone ...",https://twitter.com/flyinglotus/status/1410960599794610179,
,"Mar 27 , 2020 â€” drive home point # StayAtHome Nothing like # SpoilerAlert dissuade u step outside * yes yes know n't carry ...",https://twitter.com/atulkasbekar/status/1243457055949611008,
,Fans wo n't able stream show May Â· 's go Netflix market Â· Related ...,https://twitter.com/i/events/1212329577759924224,
,"Aug 22 , 2023 â€” Photos Netflix 8/14 ( Scream Queens ! ) , Paramount 8/15 ( Non-Fiction Writers ! Ridiculousness ! ) , Netflix 8/15 ( Black List ! ) , ...",https://twitter.com/JW_Hendricks/status/1694010866780541214,
,"Jul 7 , 2023 â€” Clever new paper Netflix : sidestep hard problem collect alpha matte training data record front green screen ...",https://twitter.com/jon_barron/status/1677379643039694849,
,absolute bozo move Netflix . Quote Tweet . Square profile picture Â· Hollywood Reporter Â· @ THR . Â· . Mar 14 . Netflix shut ...,https://twitter.com/blankcheckpod/status/1635787073285156866,
,"Mar 20 , 2023 â€” Netflix star TV analyst . @ Joel_Dahmen . 's caddie . @ GenoBonnalie . make PGA TOUR LIVE debut .",https://twitter.com/PGATOURLIVE/status/1637941078354456576,
,"Sep 6 , 2023 â€” fair , Netflix documentary b4 last year 's season played Anfield , 2-2 draw .",https://twitter.com/ZaidSabah/status/1699432272959549670,
,"Sep 6 , 2023 â€” `` n't get piece Netflix Breaking Bad 're totally honest , 's insane , `` say Aaron Paul ...",https://twitter.com/IGN/status/1699407375579381985,
,"Someone Netflix Indonesia DM regard Doona ! Image . 11:24 Â· Sep 18 , 2023 . Â· . 8,578 . Views . 26 . Reposts .",https://twitter.com/Tine101094/status/1703731650658742463,
,"Jun 25 , 2023 â€” ... & would star . use music video pilot show vision told music video n't pilot . Lol smh .",https://twitter.com/JoynerLucas/status/1672980319954255872?lang=bn,
,"Jun 14 , 2023 â€” stream July 12 , 'll get exclusive access take QB league . Watch trailer !",https://twitter.com/KirkCousins8/status/1669019802319437825,
,"New image Netflix 's # ScottPilgrimVsTheWorld . Image . 10:01 PM Â· Sep 3 , 2023 . Â· . 4,361 . Views . 26 . Reposts Â· 3 . Quotes Â· 100 . Likes .",https://twitter.com/GeekVibesNation/status/1698456271639150610,
,"Sep 6 , 2023 â€” Catch late TypeScript documentary hear TypeScript journey adoption Netflix .",https://twitter.com/OfferZen/status/1699343451018482140,
,"friendly Reminder Netflix ! Image . 8:26 Â· Aug 25 , 2023 . Â· . 5,755 . Views . 31 . Reposts Â· 90 . Likes . 2 . Bookmarks .",https://twitter.com/seyithemie/status/1694989565302362492,
,"Apr 19 , 2023 â€” # mother give # movie recommendation netflix , prime , hotstar . call movie 'Cool ' ; 'Different genre ' ; ...",https://twitter.com/PamelaSatpathy/status/1648621780620435456,
,"Sep 17 , 2023 â€” Netflix . current situation city Derna ( Ø¯Ø±Ù†Ø© ) Libya ravage bad flood 21st ...",https://twitter.com/WazBLR/status/1703327081357316166,
,"... Black mean . Hear Netflix employee Black mean . 7:44 PM Â· Jul 8 , 2020 Â· 19 . Retweets Â· 10 . Quotes Â· 92 . Likes . 3 .",https://twitter.com/wearenetflix/status/1280950994554073088,
,"Jun 15 , 2011 â€” Go go # PowerRangers ! u instantly watch ur fave season stream Netflix . http : //movi.es/VoqMy Ranger best ?",https://twitter.com/netflix/status/81137797167190016,
,"Harjinder Singh Kukreja Â· @ SinghLions . friendly reminder Netflix . Image . 9:52 Â· Sep 22 , 2023 . Â· . 5,987 . Views . 19 . Reposts Â· 84 . Likes . 2 . Bookmarks .",https://twitter.com/SinghLions/status/1705158015274377271,
,"7 day ago â€” Netflix release first trailer tickle romance # BaeSuzy # Suzy # YangSejong . Helmed # CrashLandingOnYou director , ...",https://twitter.com/KoreanUpdates/status/1704653231614542232,
,"Idk recommend 'Suits ' Netflix da TL yesterday . u real one ! 3:21 PM Â· Jun 26 , 2023 . Â· . 9,335 . Views . 44 . Retweets Â· 2 .",https://twitter.com/lxwddre/status/1673350820044197890,
,"Aug 1 , 2023 â€” Jane Campion 's Oscar-winning film 'The Power Dog ' remove Netflix UK month despite Netflix Original .",https://twitter.com/theBurk3nator/status/1686408991679668225,
,"Dec 10 , 2020 â€” Winx get live-action treatment Netflix â€œ Fate : Winx Saga â€ . Embedded video . 0:59 . . Netflix Geeked Â· 3:58 PM ...",https://twitter.com/nerdist/status/1337064117098717184,
,"Mar 8 , 2023 â€” live end , gift netflix arrive ! ! ! nice netflix send dongeun 's kimbap egg , go board ( need Yeojeong ...",https://twitter.com/blueskypallette/status/1633461890595835904,
,"Sep 5 , 2023 â€” 's like unsubscribing Netflix complain Netflix 'punishing ' leave let watch film .",https://twitter.com/Jamiedickson330/status/1698988132098539943,
,"Mar 25 , 2023 â€” 're 10 minute away Netflix Dandy Time voice actor Tomokazu Seki , Kenjiro Tsuda Junichi Sawabe ! Tune 1PM Japan ...",https://twitter.com/NetflixAnime/status/1639474687913918465,
,"Jul 31 , 2023 â€” Ad-supported stream tier Netflix , Disney others could generate $ 10 billion revenue domestically 2027 .",https://twitter.com/TheWrap/status/1686067520946778112,
,"Mar 29 , 2022 â€” picked 10 favorite movie Netflix . one favorite ?",https://twitter.com/IGN/status/1508745882975588357,
,"Apr 23 , 2020 â€” 's Extraction available exclusively Galaxy owner . â€‹ Swipe home screen access Samsung Daily see ...",https://twitter.com/SamsungMobileUS/status/1253350433961193472,
,"Saudis take lesson Netflix Swamp Kings sport wash . 3:10 Â· Aug 23 , 2023 . Â· . 127.2K . Views . 65 . Reposts Â· 14 . Quotes .",https://twitter.com/MattHayesCFB/status/1694185200584991179?ref_src=twsrc%5Etfw,
,"May 30 , 2023 â€” Studios Netflix Amazon invoked force-majeure right contract author light Hollywood writer ' strike , ...",https://twitter.com/bysarahkrouse/status/1663546605990187010,
,"Sep 1 , 2023 â€” MORPH TRAILER # PowerRangers # CosmicFury ! WARNING - spoiler clip ! Embedded video . 0:54 .",https://twitter.com/PwrRngr/status/1697548342459334966,
,"Feb 22 , 2011 â€” Fans everywhere , listen ! # TUDUM : Global Fan Event drop exclusive favorite show film . Stream live Brazil ...",https://twitter.com/netflix/status/40134240842678272,
,"Jun 17 , 2023 â€” spoke IÃ±aki Godoy Netflix 's # OnePiece adaptation bring iconic character life ! â€â˜ ï¸ â€œ really use anime ...",https://twitter.com/raventbrunner/status/1670219553542995974,
,"Aug 19 , 2023 â€” - two goal . betray fan . show love n't yet know ONE PIECE . Netflix `` Let 's make ...",https://twitter.com/onepiecenetflix/status/1692752396420620655,
,"Jun 30 , 2023 â€” # PhantomDigitalEffects Limited receive work order Netflix ( Netflix Worldwide Entertainment , Netflix US Netflix India Originals ) .",https://mobile.twitter.com/Aditya_joshi12/status/1674799396624695300,
,"Apr 21 , 2023 â€” 'm take hopeful sign upcoming movie version . @ Gingerhazing . 's NIMONA preserve original comic 's `` 'm ...",https://twitter.com/TashaRobinson/status/1649475958951256083,
,"Sep 13 , 2023 â€” Netflix 's Fall House Usher Percy Jackson Olympians , read anticipate book adaptation come ...",https://twitter.com/RottenTomatoes/status/1701970252043530637,
,"Aug 3 , 2023 â€” saw ad Netflix â€œ New Shows Coming Soon â€ like 'm literal year behind stream show backlog .",https://twitter.com/thedad/status/1687097994053881857,
,"Mar 22 , 2023 â€” know shoot foot bit , get much well Netflix recommendation GPT4 Netflix .",https://twitter.com/xamat/status/1638419838673776640,
,"Mar 7 , 2023 â€” come Netflix strike slightly hypocritical , maybe 's ... Quote Tweet . Square profile picture .",https://twitter.com/Fyre_flye/status/1633197346359238659,
,"Jun 25 , 2023 â€” ... & would star . use music video pilot show vision told music video n't pilot . Lol smh .",https://twitter.com/JoynerLucas/status/1672980319954255872,
,"Apr 24 , 2022 â€” release show silently secretly take Netflix get chance watch . Quote .",https://twitter.com/neilhimself/status/1518101545358962688,
,"Aug 19 , 2022 â€” Future Seasons . want see first month commit . something else .",https://twitter.com/neilhimself/status/1560505193539706881,
,"Aug 15 , 2023 â€” Monkey King Netflix Friday , Aug. 18th ! , importantly , 's direct good friend best buddy , .",https://twitter.com/grickle/status/1691464773571928064,
,"Sep 13 , 2023 â€” march Netflix Paramount Pictures Studios . @ SAGAFTRA . today ! take Melrose Avenue great rally . studio ...",https://twitter.com/MegganAnderson/status/1702036637851730198,
,"Jul 19 , 2022 â€” hot take Netflix 's earnings call : reporter pair analyst moderate call . single question ...",https://twitter.com/sherman4949/status/1549523851389829120,
,"Jun 16 , 2023 â€” early note get Netflix make character young ( book 're early 20 ) .",https://twitter.com/hamishsteele/status/1669671472246267904,
,"Jul 25 , 2023 â€” old MI movie shift Netflix Amazon Prime . First free . rent . n't understand decides , ...",https://twitter.com/thekaipullai/status/1683876830443618304,
,"â€œ people â€ need remove Netflix , big waste time 've ever inflict . 5:43 Â· Jan 31 , 2023 . Â· . 2,569 .",https://twitter.com/MPvinny300/status/1620296638169513985?ref_src=twsrc%5Etfw,
,"May 16 , 2023 â€” Photos Netflix 5/11/23 ( a.k.a . day tire lay let everyone walk take photo ) !",https://twitter.com/JW_Hendricks/status/1658601613966344192,
,"Jun 22 , 2023 â€” take away anything Netflix dating/marriage show , 's people coward . ca n't hard conversation . run ...",https://twitter.com/drgurner/status/1671973629381296129,
,"Jan 26 , 2023 â€” Sculpting Wednesday Netflix âœï¸ . Watch till end . # wednesdayaddams # wednesdaynetflix # Blender3d # b3d # sculpture .",https://twitter.com/YanSculpts/status/1618684032631599104,
,"Jul 25 , 2022 â€” 'BREAKING BAD ' remove Netflix February 10 , 2025 . ( Source : http : //thewrap.com/netflix-shows-leaving-ncis-seinfeld-new-girl ...",https://twitter.com/DiscussingFilm/status/1551634589092925440,
,"Aug 16 , 2019 â€” get call Netflix seem someone spill soda thumb drive one copy ENTER FLORPUS stream ...",https://twitter.com/JhonenV/status/1162248581039792128,
,"Feb 8 , 2018 â€” lose switch netflix hulu 've gotten directly compare man oh man hulu fuck shitty netflix . 5:50 ...",https://twitter.com/prozd/status/961477412667166720,
,"Friends really go Netflix ! ! ! & OK ! ! ! . 2:48 Â· Jan 2 , 2020 Â· 166 . Reposts Â· 16 . Quotes Â· 1,129 . Likes . 1 . Bookmark .",https://twitter.com/MarkBallas/status/1212566278193287169,
,"Jun 14 , 2023 â€” Netflix : Trailer 'Quarterback ' , docu-series follow 2022 # NFL season eye . @ KirkCousins8 . , Marcus Mariota ...",https://twitter.com/NFL_DovKleiman/status/1668997638212005888,
,"Sep 13 , 2022 â€” Got plane today movie download Netflix , HBO Max , Disney+ . Netflix work . two apps confuse ...",https://twitter.com/dantley/status/1569561014299168769,
,"Feb 23 , 2019 â€” download movie netflix , watch place internet return home turn netflix tv pick ...",https://twitter.com/Casey/status/1099099272459493377,
,"May 30 , 2020 â€” Sonnie Netflix 's series LOVE DEATH + ROBOTS . episode one absolute favs . picked Sonnie 4th ...",https://twitter.com/SurineCosplay/status/1266816785422090240,
,"Sep 19 , 2020 â€” Hear Netflix Animation recruiter interview advice get career Animation start : ...",https://twitter.com/WeAreNetflix/status/1307043668390445061,
,"May 16 , 2019 â€” Conversation ... get email Netflix say â€œ Stop suggestion Brian , â€ like â€œ fuck yeah ! Good , Netflix ! ...",https://mobile.twitter.com/shwood/status/1129107467441451009,
,"Aug 12 , 2023 â€” Ugh Timeless get remove Netflix . 's CTV app , twice 've try watch something time either n't ...",https://twitter.com/StaticWarpBubbl/status/1690195289661931520,
,"official trailer Fair Play . @ netflix Â· Embedded video . 2:34 . . Netflix Â· 4:34 PM Â· Aug 8 , 2023 . Â· . 129.9K . Views .",https://twitter.com/letterboxd/status/1688951834352795648,
,"Jan 15 , 2023 â€” favorite scene Netflix 's new series `` Break Point `` Rafael Nadal win French Open even take court .",https://twitter.com/JoePompliano/status/1614702306397749252,
,"Feb 27 , 2022 â€” fun package Netflix celebrate Tick , Tickâ€¦Boom ! Yes , 's FYC booklet form playbill , alongside soundtrack ...",https://twitter.com/JoeyMagidson/status/1497730495693697029,
,"Whether honor root history pride movement , celebrate self-love intersectionality - hear Netflix employee Pride ...",https://twitter.com/WeAreNetflix,
,"Jul 2 , 2021 â€” Got word Netflix YASUKE 'S stream number surpass expectation . Much love THANK sooo much everyone ...",https://twitter.com/flyinglotus/status/1410960599794610179,
,"Mar 27 , 2020 â€” drive home point # StayAtHome Nothing like # SpoilerAlert dissuade u step outside * yes yes know n't carry ...",https://twitter.com/atulkasbekar/status/1243457055949611008,
,Fans wo n't able stream show May Â· 's go Netflix market Â· Related ...,https://twitter.com/i/events/1212329577759924224,
,"Aug 22 , 2023 â€” Photos Netflix 8/14 ( Scream Queens ! ) , Paramount 8/15 ( Non-Fiction Writers ! Ridiculousness ! ) , Netflix 8/15 ( Black List ! ) , ...",https://twitter.com/JW_Hendricks/status/1694010866780541214,
,"Jul 7 , 2023 â€” Clever new paper Netflix : sidestep hard problem collect alpha matte training data record front green screen ...",https://twitter.com/jon_barron/status/1677379643039694849,
,absolute bozo move Netflix . Quote Tweet . Square profile picture Â· Hollywood Reporter Â· @ THR . Â· . Mar 14 . Netflix shut ...,https://twitter.com/blankcheckpod/status/1635787073285156866,
,"Mar 20 , 2023 â€” Netflix star TV analyst . @ Joel_Dahmen . 's caddie . @ GenoBonnalie . make PGA TOUR LIVE debut .",https://twitter.com/PGATOURLIVE/status/1637941078354456576,
,"Sep 6 , 2023 â€” fair , Netflix documentary b4 last year 's season played Anfield , 2-2 draw .",https://twitter.com/ZaidSabah/status/1699432272959549670,
,"Sep 6 , 2023 â€” `` n't get piece Netflix Breaking Bad 're totally honest , 's insane , `` say Aaron Paul ...",https://twitter.com/IGN/status/1699407375579381985,
,"Someone Netflix Indonesia DM regard Doona ! Image . 11:24 Â· Sep 18 , 2023 . Â· . 8,578 . Views . 26 . Reposts .",https://twitter.com/Tine101094/status/1703731650658742463,
,"Jun 25 , 2023 â€” ... & would star . use music video pilot show vision told music video n't pilot . Lol smh .",https://twitter.com/JoynerLucas/status/1672980319954255872?lang=bn,
,"Jun 14 , 2023 â€” stream July 12 , 'll get exclusive access take QB league . Watch trailer !",https://twitter.com/KirkCousins8/status/1669019802319437825,
,"New image Netflix 's # ScottPilgrimVsTheWorld . Image . 10:01 PM Â· Sep 3 , 2023 . Â· . 4,361 . Views . 26 . Reposts Â· 3 . Quotes Â· 100 . Likes .",https://twitter.com/GeekVibesNation/status/1698456271639150610,
,"Sep 6 , 2023 â€” Catch late TypeScript documentary hear TypeScript journey adoption Netflix .",https://twitter.com/OfferZen/status/1699343451018482140,
,"friendly Reminder Netflix ! Image . 8:26 Â· Aug 25 , 2023 . Â· . 5,755 . Views . 31 . Reposts Â· 90 . Likes . 2 . Bookmarks .",https://twitter.com/seyithemie/status/1694989565302362492,
,"Apr 19 , 2023 â€” # mother give # movie recommendation netflix , prime , hotstar . call movie 'Cool ' ; 'Different genre ' ; ...",https://twitter.com/PamelaSatpathy/status/1648621780620435456,
,"Sep 17 , 2023 â€” Netflix . current situation city Derna ( Ø¯Ø±Ù†Ø© ) Libya ravage bad flood 21st ...",https://twitter.com/WazBLR/status/1703327081357316166,
,"... Black mean . Hear Netflix employee Black mean . 7:44 PM Â· Jul 8 , 2020 Â· 19 . Retweets Â· 10 . Quotes Â· 92 . Likes . 3 .",https://twitter.com/wearenetflix/status/1280950994554073088,
,"Jun 15 , 2011 â€” Go go # PowerRangers ! u instantly watch ur fave season stream Netflix . http : //movi.es/VoqMy Ranger best ?",https://twitter.com/netflix/status/81137797167190016,
,"Harjinder Singh Kukreja Â· @ SinghLions . friendly reminder Netflix . Image . 9:52 Â· Sep 22 , 2023 . Â· . 5,987 . Views . 19 . Reposts Â· 84 . Likes . 2 . Bookmarks .",https://twitter.com/SinghLions/status/1705158015274377271,
,"7 day ago â€” Netflix release first trailer tickle romance # BaeSuzy # Suzy # YangSejong . Helmed # CrashLandingOnYou director , ...",https://twitter.com/KoreanUpdates/status/1704653231614542232,
,"Idk recommend 'Suits ' Netflix da TL yesterday . u real one ! 3:21 PM Â· Jun 26 , 2023 . Â· . 9,335 . Views . 44 . Retweets Â· 2 .",https://twitter.com/lxwddre/status/1673350820044197890,
,"Aug 1 , 2023 â€” Jane Campion 's Oscar-winning film 'The Power Dog ' remove Netflix UK month despite Netflix Original .",https://twitter.com/theBurk3nator/status/1686408991679668225,
,"Dec 10 , 2020 â€” Winx get live-action treatment Netflix â€œ Fate : Winx Saga â€ . Embedded video . 0:59 . . Netflix Geeked Â· 3:58 PM ...",https://twitter.com/nerdist/status/1337064117098717184,
,"Mar 8 , 2023 â€” live end , gift netflix arrive ! ! ! nice netflix send dongeun 's kimbap egg , go board ( need Yeojeong ...",https://twitter.com/blueskypallette/status/1633461890595835904,
,"Sep 5 , 2023 â€” 's like unsubscribing Netflix complain Netflix 'punishing ' leave let watch film .",https://twitter.com/Jamiedickson330/status/1698988132098539943,
,"Mar 25 , 2023 â€” 're 10 minute away Netflix Dandy Time voice actor Tomokazu Seki , Kenjiro Tsuda Junichi Sawabe ! Tune 1PM Japan ...",https://twitter.com/NetflixAnime/status/1639474687913918465,
,"Jul 31 , 2023 â€” Ad-supported stream tier Netflix , Disney others could generate $ 10 billion revenue domestically 2027 .",https://twitter.com/TheWrap/status/1686067520946778112,
,"Mar 29 , 2022 â€” picked 10 favorite movie Netflix . one favorite ?",https://twitter.com/IGN/status/1508745882975588357,
,"Apr 23 , 2020 â€” 's Extraction available exclusively Galaxy owner . â€‹ Swipe home screen access Samsung Daily see ...",https://twitter.com/SamsungMobileUS/status/1253350433961193472,
,"Saudis take lesson Netflix Swamp Kings sport wash . 3:10 Â· Aug 23 , 2023 . Â· . 127.2K . Views . 65 . Reposts Â· 14 . Quotes .",https://twitter.com/MattHayesCFB/status/1694185200584991179?ref_src=twsrc%5Etfw,
,"May 30 , 2023 â€” Studios Netflix Amazon invoked force-majeure right contract author light Hollywood writer ' strike , ...",https://twitter.com/bysarahkrouse/status/1663546605990187010,
,"Sep 1 , 2023 â€” MORPH TRAILER # PowerRangers # CosmicFury ! WARNING - spoiler clip ! Embedded video . 0:54 .",https://twitter.com/PwrRngr/status/1697548342459334966,
,"Feb 22 , 2011 â€” Fans everywhere , listen ! # TUDUM : Global Fan Event drop exclusive favorite show film . Stream live Brazil ...",https://twitter.com/netflix/status/40134240842678272,
,"Jun 17 , 2023 â€” spoke IÃ±aki Godoy Netflix 's # OnePiece adaptation bring iconic character life ! â€â˜ ï¸ â€œ really use anime ...",https://twitter.com/raventbrunner/status/1670219553542995974,
,"Aug 19 , 2023 â€” - two goal . betray fan . show love n't yet know ONE PIECE . Netflix `` Let 's make ...",https://twitter.com/onepiecenetflix/status/1692752396420620655,
,"Jun 30 , 2023 â€” # PhantomDigitalEffects Limited receive work order Netflix ( Netflix Worldwide Entertainment , Netflix US Netflix India Originals ) .",https://mobile.twitter.com/Aditya_joshi12/status/1674799396624695300,
,"Apr 21 , 2023 â€” 'm take hopeful sign upcoming movie version . @ Gingerhazing . 's NIMONA preserve original comic 's `` 'm ...",https://twitter.com/TashaRobinson/status/1649475958951256083,
,"Sep 13 , 2023 â€” Netflix 's Fall House Usher Percy Jackson Olympians , read anticipate book adaptation come ...",https://twitter.com/RottenTomatoes/status/1701970252043530637,
,"Aug 3 , 2023 â€” saw ad Netflix â€œ New Shows Coming Soon â€ like 'm literal year behind stream show backlog .",https://twitter.com/thedad/status/1687097994053881857,
,"Mar 22 , 2023 â€” know shoot foot bit , get much well Netflix recommendation GPT4 Netflix .",https://twitter.com/xamat/status/1638419838673776640,
,"Mar 7 , 2023 â€” come Netflix strike slightly hypocritical , maybe 's ... Quote Tweet . Square profile picture .",https://twitter.com/Fyre_flye/status/1633197346359238659,
,"Jun 25 , 2023 â€” ... & would star . use music video pilot show vision told music video n't pilot . Lol smh .",https://twitter.com/JoynerLucas/status/1672980319954255872,
,"Apr 24 , 2022 â€” release show silently secretly take Netflix get chance watch . Quote .",https://twitter.com/neilhimself/status/1518101545358962688,
,"Aug 19 , 2022 â€” Future Seasons . want see first month commit . something else .",https://twitter.com/neilhimself/status/1560505193539706881,
,"Aug 15 , 2023 â€” Monkey King Netflix Friday , Aug. 18th ! , importantly , 's direct good friend best buddy , .",https://twitter.com/grickle/status/1691464773571928064,
,"Sep 13 , 2023 â€” march Netflix Paramount Pictures Studios . @ SAGAFTRA . today ! take Melrose Avenue great rally . studio ...",https://twitter.com/MegganAnderson/status/1702036637851730198,
,"Jul 19 , 2022 â€” hot take Netflix 's earnings call : reporter pair analyst moderate call . single question ...",https://twitter.com/sherman4949/status/1549523851389829120,
,"Jun 16 , 2023 â€” early note get Netflix make character young ( book 're early 20 ) .",https://twitter.com/hamishsteele/status/1669671472246267904,
,"Jul 25 , 2023 â€” old MI movie shift Netflix Amazon Prime . First free . rent . n't understand decides , ...",https://twitter.com/thekaipullai/status/1683876830443618304,
,"â€œ people â€ need remove Netflix , big waste time 've ever inflict . 5:43 Â· Jan 31 , 2023 . Â· . 2,569 .",https://twitter.com/MPvinny300/status/1620296638169513985?ref_src=twsrc%5Etfw,
,"May 16 , 2023 â€” Photos Netflix 5/11/23 ( a.k.a . day tire lay let everyone walk take photo ) !",https://twitter.com/JW_Hendricks/status/1658601613966344192,
,"Jun 22 , 2023 â€” take away anything Netflix dating/marriage show , 's people coward . ca n't hard conversation . run ...",https://twitter.com/drgurner/status/1671973629381296129,
,"Jan 26 , 2023 â€” Sculpting Wednesday Netflix âœï¸ . Watch till end . # wednesdayaddams # wednesdaynetflix # Blender3d # b3d # sculpture .",https://twitter.com/YanSculpts/status/1618684032631599104,
,"Jul 25 , 2022 â€” 'BREAKING BAD ' remove Netflix February 10 , 2025 . ( Source : http : //thewrap.com/netflix-shows-leaving-ncis-seinfeld-new-girl ...",https://twitter.com/DiscussingFilm/status/1551634589092925440,
,"Aug 16 , 2019 â€” get call Netflix seem someone spill soda thumb drive one copy ENTER FLORPUS stream ...",https://twitter.com/JhonenV/status/1162248581039792128,
,"Feb 8 , 2018 â€” lose switch netflix hulu 've gotten directly compare man oh man hulu fuck shitty netflix . 5:50 ...",https://twitter.com/prozd/status/961477412667166720,
,"Friends really go Netflix ! ! ! & OK ! ! ! . 2:48 Â· Jan 2 , 2020 Â· 166 . Reposts Â· 16 . Quotes Â· 1,129 . Likes . 1 . Bookmark .",https://twitter.com/MarkBallas/status/1212566278193287169,
,"Jun 14 , 2023 â€” Netflix : Trailer 'Quarterback ' , docu-series follow 2022 # NFL season eye . @ KirkCousins8 . , Marcus Mariota ...",https://twitter.com/NFL_DovKleiman/status/1668997638212005888,
,"Sep 13 , 2022 â€” Got plane today movie download Netflix , HBO Max , Disney+ . Netflix work . two apps confuse ...",https://twitter.com/dantley/status/1569561014299168769,
,"Feb 23 , 2019 â€” download movie netflix , watch place internet return home turn netflix tv pick ...",https://twitter.com/Casey/status/1099099272459493377,
,"May 30 , 2020 â€” Sonnie Netflix 's series LOVE DEATH + ROBOTS . episode one absolute favs . picked Sonnie 4th ...",https://twitter.com/SurineCosplay/status/1266816785422090240,
,"Sep 19 , 2020 â€” Hear Netflix Animation recruiter interview advice get career Animation start : ...",https://twitter.com/WeAreNetflix/status/1307043668390445061,
,"May 16 , 2019 â€” Conversation ... get email Netflix say â€œ Stop suggestion Brian , â€ like â€œ fuck yeah ! Good , Netflix ! ...",https://mobile.twitter.com/shwood/status/1129107467441451009,
,"Aug 12 , 2023 â€” Ugh Timeless get remove Netflix . 's CTV app , twice 've try watch something time either n't ...",https://twitter.com/StaticWarpBubbl/status/1690195289661931520,
,"official trailer Fair Play . @ netflix Â· Embedded video . 2:34 . . Netflix Â· 4:34 PM Â· Aug 8 , 2023 . Â· . 129.9K . Views .",https://twitter.com/letterboxd/status/1688951834352795648,
,"Jan 15 , 2023 â€” favorite scene Netflix 's new series `` Break Point `` Rafael Nadal win French Open even take court .",https://twitter.com/JoePompliano/status/1614702306397749252,
,"Feb 27 , 2022 â€” fun package Netflix celebrate Tick , Tickâ€¦Boom ! Yes , 's FYC booklet form playbill , alongside soundtrack ...",https://twitter.com/JoeyMagidson/status/1497730495693697029,
,"Whether honor root history pride movement , celebrate self-love intersectionality - hear Netflix employee Pride ...",https://twitter.com/WeAreNetflix,
,"Jul 2 , 2021 â€” Got word Netflix YASUKE 'S stream number surpass expectation . Much love THANK sooo much everyone ...",https://twitter.com/flyinglotus/status/1410960599794610179,
,"Mar 27 , 2020 â€” drive home point # StayAtHome Nothing like # SpoilerAlert dissuade u step outside * yes yes know n't carry ...",https://twitter.com/atulkasbekar/status/1243457055949611008,
,Fans wo n't able stream show May Â· 's go Netflix market Â· Related ...,https://twitter.com/i/events/1212329577759924224,
,"Aug 22 , 2023 â€” Photos Netflix 8/14 ( Scream Queens ! ) , Paramount 8/15 ( Non-Fiction Writers ! Ridiculousness ! ) , Netflix 8/15 ( Black List ! ) , ...",https://twitter.com/JW_Hendricks/status/1694010866780541214,
,"Jul 7 , 2023 â€” Clever new paper Netflix : sidestep hard problem collect alpha matte training data record front green screen ...",https://twitter.com/jon_barron/status/1677379643039694849,
,absolute bozo move Netflix . Quote Tweet . Square profile picture Â· Hollywood Reporter Â· @ THR . Â· . Mar 14 . Netflix shut ...,https://twitter.com/blankcheckpod/status/1635787073285156866,
,"Mar 20 , 2023 â€” Netflix star TV analyst . @ Joel_Dahmen . 's caddie . @ GenoBonnalie . make PGA TOUR LIVE debut .",https://twitter.com/PGATOURLIVE/status/1637941078354456576,
,"Sep 6 , 2023 â€” fair , Netflix documentary b4 last year 's season played Anfield , 2-2 draw .",https://twitter.com/ZaidSabah/status/1699432272959549670,
,"Sep 6 , 2023 â€” `` n't get piece Netflix Breaking Bad 're totally honest , 's insane , `` say Aaron Paul ...",https://twitter.com/IGN/status/1699407375579381985,
,"Someone Netflix Indonesia DM regard Doona ! Image . 11:24 Â· Sep 18 , 2023 . Â· . 8,578 . Views . 26 . Reposts .",https://twitter.com/Tine101094/status/1703731650658742463,
,"Jun 25 , 2023 â€” ... & would star . use music video pilot show vision told music video n't pilot . Lol smh .",https://twitter.com/JoynerLucas/status/1672980319954255872?lang=bn,
,"Jun 14 , 2023 â€” stream July 12 , 'll get exclusive access take QB league . Watch trailer !",https://twitter.com/KirkCousins8/status/1669019802319437825,
,"New image Netflix 's # ScottPilgrimVsTheWorld . Image . 10:01 PM Â· Sep 3 , 2023 . Â· . 4,361 . Views . 26 . Reposts Â· 3 . Quotes Â· 100 . Likes .",https://twitter.com/GeekVibesNation/status/1698456271639150610,
,"Sep 6 , 2023 â€” Catch late TypeScript documentary hear TypeScript journey adoption Netflix .",https://twitter.com/OfferZen/status/1699343451018482140,
,"friendly Reminder Netflix ! Image . 8:26 Â· Aug 25 , 2023 . Â· . 5,755 . Views . 31 . Reposts Â· 90 . Likes . 2 . Bookmarks .",https://twitter.com/seyithemie/status/1694989565302362492,
,"Apr 19 , 2023 â€” # mother give # movie recommendation netflix , prime , hotstar . call movie 'Cool ' ; 'Different genre ' ; ...",https://twitter.com/PamelaSatpathy/status/1648621780620435456,
,"Sep 17 , 2023 â€” Netflix . current situation city Derna ( Ø¯Ø±Ù†Ø© ) Libya ravage bad flood 21st ...",https://twitter.com/WazBLR/status/1703327081357316166,
,"... Black mean . Hear Netflix employee Black mean . 7:44 PM Â· Jul 8 , 2020 Â· 19 . Retweets Â· 10 . Quotes Â· 92 . Likes . 3 .",https://twitter.com/wearenetflix/status/1280950994554073088,
,"Jun 15 , 2011 â€” Go go # PowerRangers ! u instantly watch ur fave season stream Netflix . http : //movi.es/VoqMy Ranger best ?",https://twitter.com/netflix/status/81137797167190016,
,"Harjinder Singh Kukreja Â· @ SinghLions . friendly reminder Netflix . Image . 9:52 Â· Sep 22 , 2023 . Â· . 5,987 . Views . 19 . Reposts Â· 84 . Likes . 2 . Bookmarks .",https://twitter.com/SinghLions/status/1705158015274377271,
,"7 day ago â€” Netflix release first trailer tickle romance # BaeSuzy # Suzy # YangSejong . Helmed # CrashLandingOnYou director , ...",https://twitter.com/KoreanUpdates/status/1704653231614542232,
,"Idk recommend 'Suits ' Netflix da TL yesterday . u real one ! 3:21 PM Â· Jun 26 , 2023 . Â· . 9,335 . Views . 44 . Retweets Â· 2 .",https://twitter.com/lxwddre/status/1673350820044197890,
,"Aug 1 , 2023 â€” Jane Campion 's Oscar-winning film 'The Power Dog ' remove Netflix UK month despite Netflix Original .",https://twitter.com/theBurk3nator/status/1686408991679668225,
,"Dec 10 , 2020 â€” Winx get live-action treatment Netflix â€œ Fate : Winx Saga â€ . Embedded video . 0:59 . . Netflix Geeked Â· 3:58 PM ...",https://twitter.com/nerdist/status/1337064117098717184,
,"Mar 8 , 2023 â€” live end , gift netflix arrive ! ! ! nice netflix send dongeun 's kimbap egg , go board ( need Yeojeong ...",https://twitter.com/blueskypallette/status/1633461890595835904,
,"Sep 5 , 2023 â€” 's like unsubscribing Netflix complain Netflix 'punishing ' leave let watch film .",https://twitter.com/Jamiedickson330/status/1698988132098539943,
,"Mar 25 , 2023 â€” 're 10 minute away Netflix Dandy Time voice actor Tomokazu Seki , Kenjiro Tsuda Junichi Sawabe ! Tune 1PM Japan ...",https://twitter.com/NetflixAnime/status/1639474687913918465,
,"Jul 31 , 2023 â€” Ad-supported stream tier Netflix , Disney others could generate $ 10 billion revenue domestically 2027 .",https://twitter.com/TheWrap/status/1686067520946778112,
,"Mar 29 , 2022 â€” picked 10 favorite movie Netflix . one favorite ?",https://twitter.com/IGN/status/1508745882975588357,
,"Apr 23 , 2020 â€” 's Extraction available exclusively Galaxy owner . â€‹ Swipe home screen access Samsung Daily see ...",https://twitter.com/SamsungMobileUS/status/1253350433961193472,
,"Saudis take lesson Netflix Swamp Kings sport wash . 3:10 Â· Aug 23 , 2023 . Â· . 127.2K . Views . 65 . Reposts Â· 14 . Quotes .",https://twitter.com/MattHayesCFB/status/1694185200584991179?ref_src=twsrc%5Etfw,
,"May 30 , 2023 â€” Studios Netflix Amazon invoked force-majeure right contract author light Hollywood writer ' strike , ...",https://twitter.com/bysarahkrouse/status/1663546605990187010,
,"Sep 1 , 2023 â€” MORPH TRAILER # PowerRangers # CosmicFury ! WARNING - spoiler clip ! Embedded video . 0:54 .",https://twitter.com/PwrRngr/status/1697548342459334966,
,"Feb 22 , 2011 â€” Fans everywhere , listen ! # TUDUM : Global Fan Event drop exclusive favorite show film . Stream live Brazil ...",https://twitter.com/netflix/status/40134240842678272,
,"Jun 17 , 2023 â€” spoke IÃ±aki Godoy Netflix 's # OnePiece adaptation bring iconic character life ! â€â˜ ï¸ â€œ really use anime ...",https://twitter.com/raventbrunner/status/1670219553542995974,
,"Aug 19 , 2023 â€” - two goal . betray fan . show love n't yet know ONE PIECE . Netflix `` Let 's make ...",https://twitter.com/onepiecenetflix/status/1692752396420620655,
,"Jun 30 , 2023 â€” # PhantomDigitalEffects Limited receive work order Netflix ( Netflix Worldwide Entertainment , Netflix US Netflix India Originals ) .",https://mobile.twitter.com/Aditya_joshi12/status/1674799396624695300,
,"Apr 21 , 2023 â€” 'm take hopeful sign upcoming movie version . @ Gingerhazing . 's NIMONA preserve original comic 's `` 'm ...",https://twitter.com/TashaRobinson/status/1649475958951256083,
,"Sep 13 , 2023 â€” Netflix 's Fall House Usher Percy Jackson Olympians , read anticipate book adaptation come ...",https://twitter.com/RottenTomatoes/status/1701970252043530637,
The Dad on X,"Aug 3 , 2023 â€” saw ad Netflix â€œ New Shows Coming Soon â€ like 'm literal year behind stream show backlog .",https://twitter.com/thedad/status/1687097994053881857,The Dad on X
Xavier(Xavi) Amatriain,"Mar 22 , 2023 â€” know shoot foot bit , get much well Netflix recommendation GPT4 Netflix .",https://twitter.com/xamat/status/1638419838673776640,Xavier(Xavi) Amatriain
Lauren Faust and Furious,"Mar 7 , 2023 â€” come Netflix strike slightly hypocritical , maybe 's ... Quote Tweet . Square profile picture .",https://twitter.com/Fyre_flye/status/1633197346359238659,Lauren Faust and Furious
Joyner Lucas,"Jun 25 , 2023 â€” ... & would star . use music video pilot show vision told music video n't pilot . Lol smh .",https://twitter.com/JoynerLucas/status/1672980319954255872,Joyner Lucas
Neil Gaiman,"Apr 24 , 2022 â€” release show silently secretly take Netflix get chance watch . Quote .",https://twitter.com/neilhimself/status/1518101545358962688,Neil Gaiman
Neil Gaiman,"Aug 19 , 2022 â€” Future Seasons . want see first month commit . something else .",https://twitter.com/neilhimself/status/1560505193539706881,Neil Gaiman
Graham Annable,"Aug 15 , 2023 â€” Monkey King Netflix Friday , Aug. 18th ! , importantly , 's direct good friend best buddy , .",https://twitter.com/grickle/status/1691464773571928064,Graham Annable
meggan anderson,"Sep 13 , 2023 â€” march Netflix Paramount Pictures Studios . @ SAGAFTRA . today ! take Melrose Avenue great rally . studio ...",https://twitter.com/MegganAnderson/status/1702036637851730198,meggan anderson
Alex Sherman - My hot take from Netflix's earnings call,"Jul 19 , 2022 â€” hot take Netflix 's earnings call : reporter pair analyst moderate call . single question ...",https://twitter.com/sherman4949/status/1549523851389829120,Alex Sherman - My hot take from Netflix's earnings call
hamish steele!,"Jun 16 , 2023 â€” early note get Netflix make character young ( book 're early 20 ) .",https://twitter.com/hamishsteele/status/1669671472246267904,hamish steele!
The Kaipullai,"Jul 25 , 2023 â€” old MI movie shift Netflix Amazon Prime . First free . rent . n't understand decides , ...",https://twitter.com/thekaipullai/status/1683876830443618304,The Kaipullai
Vinny Nolan on Twitter,"â€œ people â€ need remove Netflix , big waste time 've ever inflict . 5:43 Â· Jan 31 , 2023 . Â· . 2,569 .",https://twitter.com/MPvinny300/status/1620296638169513985?ref_src=twsrc%5Etfw,Vinny Nolan on Twitter
JW Hendricks,"May 16 , 2023 â€” Photos Netflix 5/11/23 ( a.k.a . day tire lay let everyone walk take photo ) !",https://twitter.com/JW_Hendricks/status/1658601613966344192,JW Hendricks
Dr. Julie Gurner,"Jun 22 , 2023 â€” take away anything Netflix dating/marriage show , 's people coward . ca n't hard conversation . run ...",https://twitter.com/drgurner/status/1671973629381296129,Dr. Julie Gurner
YanSculpts,"Jan 26 , 2023 â€” Sculpting Wednesday Netflix âœï¸ . Watch till end . # wednesdayaddams # wednesdaynetflix # Blender3d # b3d # sculpture .",https://twitter.com/YanSculpts/status/1618684032631599104,YanSculpts
'BREAKING BAD' will be removed from Netflix on February ...,"Jul 25 , 2022 â€” 'BREAKING BAD ' remove Netflix February 10 , 2025 . ( Source : http : //thewrap.com/netflix-shows-leaving-ncis-seinfeld-new-girl ...",https://twitter.com/DiscussingFilm/status/1551634589092925440,'BREAKING BAD' will be removed from Netflix on February ...
Jhonen Vasquez,"Aug 16 , 2019 â€” get call Netflix seem someone spill soda thumb drive one copy ENTER FLORPUS stream ...",https://twitter.com/JhonenV/status/1162248581039792128,Jhonen Vasquez
SungWon Cho on X,"Feb 8 , 2018 â€” lose switch netflix hulu 've gotten directly compare man oh man hulu fuck shitty netflix . 5:50 ...",https://twitter.com/prozd/status/961477412667166720,SungWon Cho on X
"Mark Ballas on X: ""Friends is really gone from Netflix!!! &amp","Friends really go Netflix ! ! ! & OK ! ! ! . 2:48 Â· Jan 2 , 2020 Â· 166 . Reposts Â· 16 . Quotes Â· 1,129 . Likes . 1 . Bookmark .",https://twitter.com/MarkBallas/status/1212566278193287169,"Mark Ballas on X: ""Friends is really gone from Netflix!!! &amp"
Dov Kleiman,"Jun 14 , 2023 â€” Netflix : Trailer 'Quarterback ' , docu-series follow 2022 # NFL season eye . @ KirkCousins8 . , Marcus Mariota ...",https://twitter.com/NFL_DovKleiman/status/1668997638212005888,Dov Kleiman
Dantley Davis,"Sep 13 , 2022 â€” Got plane today movie download Netflix , HBO Max , Disney+ . Netflix work . two apps confuse ...",https://twitter.com/dantley/status/1569561014299168769,Dantley Davis
Casey Neistat,"Feb 23 , 2019 â€” download movie netflix , watch place internet return home turn netflix tv pick ...",https://twitter.com/Casey/status/1099099272459493377,Casey Neistat
SÃ¸rine,"May 30 , 2020 â€” Sonnie Netflix 's series LOVE DEATH + ROBOTS . episode one absolute favs . picked Sonnie 4th ...",https://twitter.com/SurineCosplay/status/1266816785422090240,SÃ¸rine
Hear from Netflix Animation recruiters on interview advice ...,"Sep 19 , 2020 â€” Hear Netflix Animation recruiter interview advice get career Animation start : ...",https://twitter.com/WeAreNetflix/status/1307043668390445061,Hear from Netflix Animation recruiters on interview advice ...
Brian Brushwood,"May 16 , 2019 â€” Conversation ... get email Netflix say â€œ Stop suggestion Brian , â€ like â€œ fuck yeah ! Good , Netflix ! ...",https://mobile.twitter.com/shwood/status/1129107467441451009,Brian Brushwood
Static Warp Bubble,"Aug 12 , 2023 â€” Ugh Timeless get remove Netflix . 's CTV app , twice 've try watch something time either n't ...",https://twitter.com/StaticWarpBubbl/status/1690195289661931520,Static Warp Bubble
The official trailer for Fair Play from - @netflix,"official trailer Fair Play . @ netflix Â· Embedded video . 2:34 . . Netflix Â· 4:34 PM Â· Aug 8 , 2023 . Â· . 129.9K . Views .",https://twitter.com/letterboxd/status/1688951834352795648,The official trailer for Fair Play from - @netflix
Joe Pompliano,"Jan 15 , 2023 â€” favorite scene Netflix 's new series `` Break Point `` Rafael Nadal win French Open even take court .",https://twitter.com/JoePompliano/status/1614702306397749252,Joe Pompliano
"Feb 27, 2022","Feb 27 , 2022 â€” fun package Netflix celebrate Tick , Tickâ€¦Boom ! Yes , 's FYC booklet form playbill , alongside soundtrack ...",https://twitter.com/JoeyMagidson/status/1497730495693697029,"Feb 27, 2022"
We Are Netflix (@WeAreNetflix) / X,"Whether honor root history pride movement , celebrate self-love intersectionality - hear Netflix employee Pride ...",https://twitter.com/WeAreNetflix,We Are Netflix (@WeAreNetflix) / X
flylo,"Jul 2 , 2021 â€” Got word Netflix YASUKE 'S stream number surpass expectation . Much love THANK sooo much everyone ...",https://twitter.com/flyinglotus/status/1410960599794610179,flylo
"Mar 27, 2020","Mar 27 , 2020 â€” drive home point # StayAtHome Nothing like # SpoilerAlert dissuade u step outside * yes yes know n't carry ...",https://twitter.com/atulkasbekar/status/1243457055949611008,"Mar 27, 2020"
Friends has gone from Netflix,Fans wo n't able stream show May Â· 's go Netflix market Â· Related ...,https://twitter.com/i/events/1212329577759924224,Friends has gone from Netflix
JW Hendricks,"Aug 22 , 2023 â€” Photos Netflix 8/14 ( Scream Queens ! ) , Paramount 8/15 ( Non-Fiction Writers ! Ridiculousness ! ) , Netflix 8/15 ( Black List ! ) , ...",https://twitter.com/JW_Hendricks/status/1694010866780541214,JW Hendricks
Jon Barron,"Jul 7 , 2023 â€” Clever new paper Netflix : sidestep hard problem collect alpha matte training data record front green screen ...",https://twitter.com/jon_barron/status/1677379643039694849,Jon Barron
An absolute bozo move from Netflix.,absolute bozo move Netflix . Quote Tweet . Square profile picture Â· Hollywood Reporter Â· @ THR . Â· . Mar 14 . Netflix shut ...,https://twitter.com/blankcheckpod/status/1635787073285156866,An absolute bozo move from Netflix.
PGA TOUR LIVE,"Mar 20 , 2023 â€” Netflix star TV analyst . @ Joel_Dahmen . 's caddie . @ GenoBonnalie . make PGA TOUR LIVE debut .",https://twitter.com/PGATOURLIVE/status/1637941078354456576,PGA TOUR LIVE
Zaid Sabah,"Sep 6 , 2023 â€” fair , Netflix documentary b4 last year 's season played Anfield , 2-2 draw .",https://twitter.com/ZaidSabah/status/1699432272959549670,Zaid Sabah
IGN,"Sep 6 , 2023 â€” `` n't get piece Netflix Breaking Bad 're totally honest , 's insane , `` say Aaron Paul ...",https://twitter.com/IGN/status/1699407375579381985,IGN
Someone from Netflix Indonesia DM regarding Doona!,"Someone Netflix Indonesia DM regard Doona ! Image . 11:24 Â· Sep 18 , 2023 . Â· . 8,578 . Views . 26 . Reposts .",https://twitter.com/Tine101094/status/1703731650658742463,Someone from Netflix Indonesia DM regarding Doona!
X-à¦ Joyner Lucas,"Jun 25 , 2023 â€” ... & would star . use music video pilot show vision told music video n't pilot . Lol smh .",https://twitter.com/JoynerLucas/status/1672980319954255872?lang=bn,X-à¦ Joyner Lucas
Kirk Cousins,"Jun 14 , 2023 â€” stream July 12 , 'll get exclusive access take QB league . Watch trailer !",https://twitter.com/KirkCousins8/status/1669019802319437825,Kirk Cousins
Geek Vibes Nation,"New image Netflix 's # ScottPilgrimVsTheWorld . Image . 10:01 PM Â· Sep 3 , 2023 . Â· . 4,361 . Views . 26 . Reposts Â· 3 . Quotes Â· 100 . Likes .",https://twitter.com/GeekVibesNation/status/1698456271639150610,Geek Vibes Nation
OfferZen,"Sep 6 , 2023 â€” Catch late TypeScript documentary hear TypeScript journey adoption Netflix .",https://twitter.com/OfferZen/status/1699343451018482140,OfferZen
A friendly Reminder from Netflix! - HR Sis,"friendly Reminder Netflix ! Image . 8:26 Â· Aug 25 , 2023 . Â· . 5,755 . Views . 31 . Reposts Â· 90 . Likes . 2 . Bookmarks .",https://twitter.com/seyithemie/status/1694989565302362492,A friendly Reminder from Netflix! - HR Sis
Pamela Satpathy on X,"Apr 19 , 2023 â€” # mother give # movie recommendation netflix , prime , hotstar . call movie 'Cool ' ; 'Different genre ' ; ...",https://twitter.com/PamelaSatpathy/status/1648621780620435456,Pamela Satpathy on X
Waseem à²µà²¸à³€à²®à³ ÙˆØ³ÛŒÙ…,"Sep 17 , 2023 â€” Netflix . current situation city Derna ( Ø¯Ø±Ù†Ø© ) Libya ravage bad flood 21st ...",https://twitter.com/WazBLR/status/1703327081357316166,Waseem à²µà²¸à³€à²®à³ ÙˆØ³ÛŒÙ…
Netflix employees explain what being Black means to them,"... Black mean . Hear Netflix employee Black mean . 7:44 PM Â· Jul 8 , 2020 Â· 19 . Retweets Â· 10 . Quotes Â· 92 . Likes . 3 .",https://twitter.com/wearenetflix/status/1280950994554073088,Netflix employees explain what being Black means to them
Netflix,"Jun 15 , 2011 â€” Go go # PowerRangers ! u instantly watch ur fave season stream Netflix . http : //movi.es/VoqMy Ranger best ?",https://twitter.com/netflix/status/81137797167190016,Netflix
Harjinder Singh Kukreja - A friendly reminder from Netflix,"Harjinder Singh Kukreja Â· @ SinghLions . friendly reminder Netflix . Image . 9:52 Â· Sep 22 , 2023 . Â· . 5,987 . Views . 19 . Reposts Â· 84 . Likes . 2 . Bookmarks .",https://twitter.com/SinghLions/status/1705158015274377271,Harjinder Singh Kukreja - A friendly reminder from Netflix
Webtoon-based series - #Doona - from Netflix releases first ...,"7 day ago â€” Netflix release first trailer tickle romance # BaeSuzy # Suzy # YangSejong . Helmed # CrashLandingOnYou director , ...",https://twitter.com/KoreanUpdates/status/1704653231614542232,Webtoon-based series - #Doona - from Netflix releases first ...
"Saddam 630 ğŸŒ on Twitter: ""Idk who recommended 'Suits ...","Idk recommend 'Suits ' Netflix da TL yesterday . u real one ! 3:21 PM Â· Jun 26 , 2023 . Â· . 9,335 . Views . 44 . Retweets Â· 2 .",https://twitter.com/lxwddre/status/1673350820044197890,"Saddam 630 ğŸŒ on Twitter: ""Idk who recommended 'Suits ..."
They're removing an Oscar-winning Netflix original film ...,"Aug 1 , 2023 â€” Jane Campion 's Oscar-winning film 'The Power Dog ' remove Netflix UK month despite Netflix Original .",https://twitter.com/theBurk3nator/status/1686408991679668225,They're removing an Oscar-winning Netflix original film ...
Winx is getting the live-action treatment from Netflix with â€œFate,"Dec 10 , 2020 â€” Winx get live-action treatment Netflix â€œ Fate : Winx Saga â€ . Embedded video . 0:59 . . Netflix Geeked Â· 3:58 PM ...",https://twitter.com/nerdist/status/1337064117098717184,Winx is getting the live-action treatment from Netflix with â€œFate
ë¦¬ë¦¬,"Mar 8 , 2023 â€” live end , gift netflix arrive ! ! ! nice netflix send dongeun 's kimbap egg , go board ( need Yeojeong ...",https://twitter.com/blueskypallette/status/1633461890595835904,ë¦¬ë¦¬
James Dickson,"Sep 5 , 2023 â€” 's like unsubscribing Netflix complain Netflix 'punishing ' leave let watch film .",https://twitter.com/Jamiedickson330/status/1698988132098539943,James Dickson
Netflix Anime,"Mar 25 , 2023 â€” 're 10 minute away Netflix Dandy Time voice actor Tomokazu Seki , Kenjiro Tsuda Junichi Sawabe ! Tune 1PM Japan ...",https://twitter.com/NetflixAnime/status/1639474687913918465,Netflix Anime
TheWrap,"Jul 31 , 2023 â€” Ad-supported stream tier Netflix , Disney others could generate $ 10 billion revenue domestically 2027 .",https://twitter.com/TheWrap/status/1686067520946778112,TheWrap
We picked our 10 favorite movies from Netflix. Which ones ...,"Mar 29 , 2022 â€” picked 10 favorite movie Netflix . one favorite ?",https://twitter.com/IGN/status/1508745882975588357,We picked our 10 favorite movies from Netflix. Which ones ...
Samsung Mobile US,"Apr 23 , 2020 â€” 's Extraction available exclusively Galaxy owner . â€‹ Swipe home screen access Samsung Daily see ...",https://twitter.com/SamsungMobileUS/status/1253350433961193472,Samsung Mobile US
Matt Hayes,"Saudis take lesson Netflix Swamp Kings sport wash . 3:10 Â· Aug 23 , 2023 . Â· . 127.2K . Views . 65 . Reposts Â· 14 . Quotes .",https://twitter.com/MattHayesCFB/status/1694185200584991179?ref_src=twsrc%5Etfw,Matt Hayes
Sarah Krouse,"May 30 , 2023 â€” Studios Netflix Amazon invoked force-majeure right contract author light Hollywood writer ' strike , ...",https://twitter.com/bysarahkrouse/status/1663546605990187010,Sarah Krouse
PwrRngr,"Sep 1 , 2023 â€” MORPH TRAILER # PowerRangers # CosmicFury ! WARNING - spoiler clip ! Embedded video . 0:54 .",https://twitter.com/PwrRngr/status/1697548342459334966,PwrRngr
Netflix,"Feb 22 , 2011 â€” Fans everywhere , listen ! # TUDUM : Global Fan Event drop exclusive favorite show film . Stream live Brazil ...",https://twitter.com/netflix/status/40134240842678272,Netflix
Raven Brunner,"Jun 17 , 2023 â€” spoke IÃ±aki Godoy Netflix 's # OnePiece adaptation bring iconic character life ! â€â˜ ï¸ â€œ really use anime ...",https://twitter.com/raventbrunner/status/1670219553542995974,Raven Brunner
To Eiichiro Oda: - A 1:1 re-enactment is impossible. - Live- ...,"Aug 19 , 2023 â€” - two goal . betray fan . show love n't yet know ONE PIECE . Netflix `` Let 's make ...",https://twitter.com/onepiecenetflix/status/1692752396420620655,To Eiichiro Oda: - A 1:1 re-enactment is impossible. - Live- ...
Aditya Joshi,"Jun 30 , 2023 â€” # PhantomDigitalEffects Limited receive work order Netflix ( Netflix Worldwide Entertainment , Netflix US Netflix India Originals ) .",https://mobile.twitter.com/Aditya_joshi12/status/1674799396624695300,Aditya Joshi
Tasha Robinson,"Apr 21 , 2023 â€” 'm take hopeful sign upcoming movie version . @ Gingerhazing . 's NIMONA preserve original comic 's `` 'm ...",https://twitter.com/TashaRobinson/status/1649475958951256083,Tasha Robinson
Rotten Tomatoes,"Sep 13 , 2023 â€” Netflix 's Fall House Usher Percy Jackson Olympians , read anticipate book adaptation come ...",https://twitter.com/RottenTomatoes/status/1701970252043530637,Rotten Tomatoes
"CBS4 Indy on Twitter: ""If you get an email from #Netflix right ...",,https://twitter.com/CBS4Indy/status/1653883324740386819/video/1,"CBS4 Indy on Twitter: ""If you get an email from #Netflix right ..."
aespa charts,5 day ago â€” # KARINA sing OST Netflix new drama Song Bandits . 'Sad Waltz ' release today 6PM KST . # aespa # ì—ìŠ¤íŒŒ .,https://twitter.com/aespachart/status/1705069530312274037,aespa charts
Pop Crave,"New character still . @ Netflix . 's 'ONE PIECE . ' Image . 11:21 PM Â· Jun 17 , 2023 . Â· . 1M . Views . 1,486 . Reposts Â· 913 . Quotes .",https://twitter.com/PopCrave/status/1670210193937010688,Pop Crave
the season 5 commentary from Netflix watchers has begun lol,"May 23 , 2023 â€” season 5 commentary Netflix watcher begin lol . Choujeki Eating Popcorn GIF . GIF . read image description . ALT . 3:49 PM Â· May 23 ...",https://twitter.com/spelivia_fever/status/1661036670358003712,the season 5 commentary from Netflix watchers has begun lol
James,"Jan 2 , 2023 â€” Honestly huge L Netflix . Despite clunky dialogue great start could 've incredible show . 'd ...",https://mobile.twitter.com/ItsLazBoi/status/1610016757124632584,James
IndieWire,"Jul 14 , 2023 â€” Netflix Prime , Hulu Criterion Channel , best movie come stream platform month . indiewire ...",https://mobile.twitter.com/IndieWire/status/1679966558523904000,IndieWire
"Taking the hint from Netflix, Costco is cutting down on ...","Jun 28 , 2023 â€” Taking hint Netflix , Costco cut membership share . ... Costco remind shopper 's members-only club .",https://twitter.com/KCTV5/status/1674120477869248512,"Taking the hint from Netflix, Costco is cutting down on ..."
If anyone from Netflix is reading this...,anyone Netflix reading ... Quote Tweet . John Windmill Â· @ jwindmill . Â· . Mar 22 . campaign Vermeer Horror Stories TV show ...,https://twitter.com/holland_tom/status/1638480702751612928,If anyone from Netflix is reading this...
NowThis,"Jul 20 , 2023 â€” Netflix 's 'Stranger Things ' Apple TV+ 's 'Severance , ' show delayed due WGA SAG-AFTRA ...",https://mobile.twitter.com/nowthisnews/status/1681824491574542336,NowThis
Matthew Belloni,"Jul 20 , 2023 â€” New pod : Takeaways Netflix earnings rebound Great Correction . analyst . @ michaelpachter . Listen ! open.spotify.com .",https://twitter.com/MattBelloni/status/1682125372643745792,Matthew Belloni
dmachado,"Jan 28 , 2023 â€” remember get mail Netflix come DVD , extremely low expectation , love every second .",https://twitter.com/dmachado/status/1619370080269389825,dmachado
ripped from netflix and now at its new hulu home,"ripped netflix new hulu home . 11:17 Â· Mar 22 , 2023 . Â· . 9,791 . Views .",https://twitter.com/moldycheezit/status/1638500062698381313,ripped from netflix and now at its new hulu home
Avatar News,"Jun 1 , 2023 â€” first look Netflix 's live-action Avatar : Last Airbender Season 1 present live Netflix Tudum Brazil JUNE 17TH ...",https://twitter.com/AvatarNews_/status/1664335269875814400,Avatar News
Dan Wootton,"Dec 14 , 2022 â€” disgraceful propaganda yet Netflix , Harry Meghan . claim negative story Meghan leak Palace smear ...",https://twitter.com/danwootton/status/1603021010025971712,Dan Wootton
The Basic tier has been removed from Netflix with no warning,"Jul 19 , 2023 â€” Basic tier remove Netflix warn . gamesradar.com . Netflix remove one ad-free tier . Bye bye , Basic Â· 4 : ...",https://mobile.twitter.com/GamesRadar/status/1681701661847289856,The Basic tier has been removed from Netflix with no warning
For The Win,"Jun 18 , 2023 â€” 5 thing learn Netflix 's Tudum event , include Stranger Things Squid Game cast news ...",https://twitter.com/ForTheWin/status/1670251766691053569,For The Win
From Netflix' Quarterback,"See new Tweets . Conversation . Follow @ NFL_DovKleiman Â· @ nfldov . Netflix ' Quarterback . Embedded video . 1:15 Â· 7:46 PM Â· Jul 16 , 2023 . Â· . 17 .",https://twitter.com/nfldov/status/1680665201006329859?ref_src=twsrc%5Etfw,From Netflix' Quarterback
AARP,"Feb 19 , 2022 â€” Netflix HBO Max Amazon Prime , Apple TV+ , Disney+ , 've get link need see year 's critically acclaim ...",https://twitter.com/AARP/status/1495090051054772224,AARP
Bloomberg,"Aug 31 , 2023 â€” Formula One 's Max Verstappen love boost Netflix 's Drive Survive documentary series , would prefer less 'spice ' .",https://twitter.com/business/status/1697314976602390899,Bloomberg
NYPD 109th Precinct,"Apr 3 , 2023 â€” ? click link ! Netflix never send text regard account never ask enter personal information ...",https://twitter.com/NYPD109Pct/status/1643033196898951168,NYPD 109th Precinct
Ad from the upcoming NIGHT CLUB project from Netflix. ...,"Ad upcoming NIGHT CLUB project Netflix . Image . @ GregCapullo . Image . 5:49 PM Â· Sep 20 , 2021 Â· 92 . Reposts Â· 20 . Quotes Â· 681 .",https://twitter.com/mrmarkmillar/status/1440010163126214660,Ad from the upcoming NIGHT CLUB project from Netflix. ...
The Talk,"Jul 5 , 2022 â€” 's hit show . @ UmbrellaAcad . , 're excite talk . @ Tomhopperhops . . @ DavidCastanedaJ . today ! Image . 3:15 PM Â· Jul 5 , 2022 .",https://twitter.com/TheTalkCBS/status/1544339065432166401,The Talk
LIONS | The Home of Creativity,"Jun 23 , 2022 â€” Netflix add new pricing tier n't mind watch advert . `` 've left big customer segment table ; people ...",https://twitter.com/Cannes_Lions/status/1539929270151270400,LIONS | The Home of Creativity
Why are people unsubscribing from Netflix?,"Jul 20 , 2022 â€” people unsubscribing Netflix ? bbc.co.uk . Netflix : viewer unsubscribing switch . dominance ...",https://twitter.com/BBCWorld/status/1549774145159831556,Why are people unsubscribing from Netflix?
Squawk Box,"Jul 19 , 2023 â€” . ad story go really positive strike play advantage . n't $ NFLX bull , setup ...",https://twitter.com/SquawkCNBC/status/1681637158010990594,Squawk Box
"'The Glory,' Korean Female Revenge Drama From Netflix ...","Dec 15 , 2022 â€” 'The Glory , ' Korean Female Revenge Drama Netflix , Drops First Trailer . variety.com . 'The Glory , ' Korean Female Revenge Drama ...",https://twitter.com/Variety/status/1603178112241569794,"'The Glory,' Korean Female Revenge Drama From Netflix ..."
Comic Book Resources,"Jun 21 , 2023 â€” CBR present exclusive clip Netflix 's Skull Island , feature Croc . http : //buff.ly/43R01et Â· youtube.com .",https://twitter.com/CBR/status/1671580003417432073,Comic Book Resources
"From Netflix to Amazon Prime, the future of the Flana-verse ...","Dec 2 , 2022 â€” Netflix Amazon Prime , future Flana-verse new home . fangoria.com . HILL HOUSE Creator Mike Flanagan Leaving Netflix ...",https://twitter.com/FANGORIA/status/1598476049658281984,"From Netflix to Amazon Prime, the future of the Flana-verse ..."
James Costos,"Feb 1 , 2023 â€” Van Ness Street , directly across street Netflix HQ Los Angeles . # WarriorNun ! Yes . @ SimonDavisBarry . , absolutely incredible ! Image .",https://twitter.com/JamesCostos/status/1620931868408569856,James Costos
brand identity from Netflix Is A Joke festival is fire (cd ...,"brand identity Netflix Joke festival fire ( cd felipe rocha ) . Image . 12:35 PM Â· Aug 15 , 2023 . Â· . 47.4K . Views .",https://twitter.com/ayushsoni_io/status/1691428414132264960,brand identity from Netflix Is A Joke festival is fire (cd ...
